<?xml version="1.0" encoding="UTF-8"?>
<project-private xmlns="http://www.netbeans.org/ns/project-private/1">
    <editor-bookmarks xmlns="http://www.netbeans.org/ns/editor-bookmarks/2" lastBookmarkId="0"/>
    <open-files xmlns="http://www.netbeans.org/ns/projectui-open-files/2">
        <group>
            <file>file:/C:/Users/santi/Documents/NetBeansProjects/3erTrimestre/GestordeBanca/src/gestordebanca/Pantalla2.java</file>
            <file>file:/C:/Users/santi/Documents/NetBeansProjects/3erTrimestre/GestordeBanca/src/gestordebanca/Pantalla3.java</file>
            <file>file:/C:/Users/santi/Documents/NetBeansProjects/3erTrimestre/GestordeBanca/src/gestordebanca/P_Contraseña.java</file>
            <file>file:/C:/Users/santi/Documents/NetBeansProjects/3erTrimestre/GestordeBanca/src/gestordebanca/Pantalla.java</file>
            <file>file:/C:/Users/santi/Documents/NetBeansProjects/3erTrimestre/GestordeBanca/src/gestordebanca/GestordeBanca.java</file>
            <file>file:/C:/Users/santi/Documents/NetBeansProjects/3erTrimestre/GestordeBanca/src/gestordebanca/P_Alta.java</file>
        </group>
    </open-files>
</project-private>
